Math202_,PartialDependence
61.772000000000006,0.48275012
63.784000000000006,0.48275012
65.796,0.48275012
67.808,0.48275012
69.82000000000001,0.47644463
71.83200000000001,0.4768622
73.84400000000001,0.47280568
75.856,0.4707849
77.868,0.46459594
79.88,0.46268028
81.892,0.45260024
83.904,0.44541886
85.916,0.44224057
87.928,0.43611014
89.94,0.42573032
91.952,0.4249267
93.964,0.42254862
95.976,0.4216569
97.988,0.4203909
100.0,0.41895613
