Model,Accuracy Mean,Accuracy Std,F1-Score Mean,F1-Score Std,Precision Mean,Precision Std,Recall Mean,Recall Std,ROC AUC Mean,ROC AUC Std
LightGBM,0.8990860215053764,0.015147184269768153,0.8898635804300363,0.01593525521579184,0.9123075322393788,0.02399966052872751,0.8687022900763358,0.012213740458015288,0.9651466415952301,0.009481065018840842
XGBoost,0.892636968766001,0.015288580434871565,0.8827960658554176,0.015424185959120627,0.9064790587204339,0.030783298730092896,0.8610687022900765,0.016300882827528708,0.9664881619156942,0.007829411535274177
Voting Classifier,0.929137224782386,0.018576730254944836,0.9232314796511616,0.0195453008779878,0.9409278994852178,0.032008553346566763,0.9068702290076336,0.02013878772255407,0.9853901880773135,0.008358823386421823
